uid,body,title,url,newspaper_uid,host,n_tokens_body,n_tokens_title
2a63ce8c4948f68d3e0a120d2f9b7d84,"La inscripción de la candidatura a vicepresidente de Ecuador de Rafael Correa fue presentada este miércoles formalmente ante el órgano electoral por parte de su hermana Pierina Correa, aspirante a asambleísta en su misma lista. Según explicó la hermana del exmandatario que gobernó al país entre 2007 y 2017 y se encuentra en Bélgica, Correa figura en binomio junto al economista Andrés Arauz, que lo hace como candidato presidencial. El Consejo Nacional Electoral (CNE), con sede en Quito, de momento... "," Desde Bélgica, Correa busca ser vicepresidente de Ecuador ",http://elcolombiano.com/internacional/america-latina/rafael-correa-busca-ser-el-vicepresidente-de-ecuador-GO13485407,elcolombiano,elcolombiano.com,44,6
5e1526455446b0714865fb5fa724d42a,"El extremo colombiano Yony González se convirtió en la última adquisición del Galaxy de Los Ángeles tras llegar a un acuerdo de préstamo con el club portugués Benfica, al que pertenece. González, de 26 años, quien cuenta con experiencia en Colombia y Brasil, será el refuerzo que el equipo angelino quiere tener en la delantera ante la baja producción registrada al inicio de la nueva temporada en la Liga Profesional de Fútbol (MLS) de Estados Unidos. Le puede interesar: Róbinson Blandón volvió a marcar... ", Yony González llega al Galaxy de la MLS ,http://elcolombiano.com/deportes/futbol/yony-gonzalez-llega-al-galaxy-de-la-mls-NO13485558,elcolombiano,elcolombiano.com,46,5
4912a6f2108c47ef1177b523ca808210,"Este miércoles, según versiones preliminares, hombres armados habrían llegado al corregimiento de Guamal, en el municipio de Convención, Norte de Santander y habrían retenido a Hermes Alfonso García, exalcalde de ese territorio.Medios de comunicación locales detallaron que el vehículo en que se transportaba el exmandatario fue encontrado abandonado en la vía, pero de él no se encontró ningún rastro. Allegados a García también confirmaron la información en redes sociales.Fernando Jaramillo, jefe de... ", Exalcalde de Convención habría sido secuestrado ,http://elcolombiano.com/colombia/exalcalde-de-convencion-hermes-alfonso-garcia-habria-sido-secuestrado-IO13485827,elcolombiano,elcolombiano.com,37,4
c35d68810648f96c8fca27f91f2c6aef,"Si se revisa el mapa del continente, la mayoría de naciones de Latinoamérica han tenido presidentes que repiten su mandato o que regresan al gobierno en otras formas, como la vicepresidencia o un escaño en el Congreso, todo esto en los últimos veinte años. Es un fenómeno que se repite de país a país y mantiene cerca del poder a los mismos políticos que gobernaron en el pasado y que con sus partidos hacen que su apellido siga siendo noticia en el presente. El ejemplo más reciente ocurrió esta semana... ", Los expresidentes que le apuestan a seguir en el poder ,http://elcolombiano.com/internacional/america-latina/expresidentes-latinoamericanos-vuelven-al-poder-las-reelecciones-de-la-region-CO13484969,elcolombiano,elcolombiano.com,41,4
82efc1bd1705e71af54f75ee47c0a27e,"El ministro de Hacienda, Alberto Carrasquilla, socializó el proyecto de Presupuesto General de la Nación ante las comisiones económicas conjuntas del Senado de la República y la Cámara de Representantes, además de mostrar el panorama macroeconómico que espera el país para este año, compuesto por una inflación de 2,4 %, una tasa de cambio promedio de 3.960 pesos, una caída del Producto Interno Bruto 5,5 % y una disminución de las importaciones de 27,8 %.Carrasquilla sintió propicio el momento de... ", Nivel de deuda se acerca a límites de difícil control  ,http://elcolombiano.com/negocios/economia/deuda-publica-de-colombia-se-acerca-a-limites-de-dificil-control-dice-minhacienda-FO13485055,elcolombiano,elcolombiano.com,38,6
ddf52a42a7b29adf44f0e5093f9b7a80,"Para el jueves 27 de agosto a las 11:00 a.m. fue citada en el Senado la sesión presencial en la que los corporados elegirán al nuevo procurador general de la Nación, entre la terna conformada por Juan Carlos Cortés, Wilson Ruiz y Margarita Cabello.Lea también: Así quedó conformada la terna de candidatos a procurador generalA la cita, en la que se deberán cumplir rigurosos protocolos de bioseguridad, asistirán todos los senadores, a excepción de aquellos que presenten quebrantos de salud o que se... ", Senado elegirá procurador este 27 de agosto ,http://elcolombiano.com/colombia/procurador-sera-elegido-el-27-de-agosto-por-el-senado-FO13486344,elcolombiano,elcolombiano.com,40,4
6073b3d0b954e9f6425dbdd98a0e0543,"Esta semana una numerosa cantidad de hinchas, que fueron convocados por redes sociales, se han reunido a las afueras de la sede administrativa del Independiente Medellín, en el Hotel Dan Carlton, a protestar por el manejo que se le viene dando a la salida y llegada de jugadores.Al parecer, la gota que derramó el vaso fue el anuncio hace unos días de la salida de Andrés Ricaurte, situación que motivó un comunicado de la barra más grande del club: la Rexixtenxia Norte.“Diferentes delegados del equipo... ", DIM pasa penurias con sus hinchas ,http://elcolombiano.com/deportes/independiente-medellin/dim-pasa-penurias-con-sus-hinchas-FO13484753,elcolombiano,elcolombiano.com,42,4
2ad06b3d94ddf1a1e9c872d744c963eb,"El Ministerio de Ambiente y el Instituto de Hidrología, Meteorología y Estudios Ambientales (Ideam) informaron que la temporada de lluvias de 2020 irá desde la segunda semana de septiembre hasta mediados de diciembre, con un pico en octubre.El ministro de Ambiente, Ricardo Lozano, y la directora del Ideam, Yolanda González, explicaron cómo será, dejando claro que se debe fortalecer la prevención y el sistema de alertas tempranas.“Todavía estamos a tiempo para que no nos tome por sorpresa y se activen... "," Alcaldes y gobernadores, a preparar planes para temporada de lluvias  ",http://elcolombiano.com/colombia/seguda-temporada-de-lluvias-OO13484785,elcolombiano,elcolombiano.com,40,6
1c2c4408c6d7f91eb4c1bc0bcf0a92ac,"Con la intención de que a corto plazo cerca de 80.000 estudiantes y 3.000 profesores del departamento puedan desarrollar sus clases y aprendizajes en entornos más óptimos, el Grupo Nutresa anunció un proyecto para mejorar la dotación de por lo menos 1.263 escuelas, entre urbanas y rurales, en 21 municipios del departamento.Así lo indicaron en la mañana de este miércoles en una rueda de prensa virtual donde se oficializó el anuncio y de la que participaron el gobernador (e) de Antioquia, Luis Fernando... ", Grupo Nutresa anuncia millonaria inversión para dotar escuelas en Antioquia  ,http://elcolombiano.com/antioquia/grupo-nutresa-anuncia-millonaria-inversion-para-dotar-escuelas-en-antioquia-LO13483181,elcolombiano,elcolombiano.com,37,8
46ba4adab048e975cba39c8eedb777be,"Una encuesta realizada en julio por Viajala asegura que más personas ven un panorama menos incierto para transportarse por avión en julio. Mientras en mayo 41 % de los usuarios no sabían cuándo iban a volver a movilizarse en el país, este escenario se redujo al 25 % en julio. Y en el mismo sentido, 49 % de las personas consideraron que podrán hacer turismo local para final de año en julio, mientras en mayo este indicador alcanzaba el 43 %.Para enero de 2021, la perspectiva aumentó de 17 % a 26 %... ", Ánimo viajero aumenta para final de año: Viajala ,http://elcolombiano.com/negocios/empresas/mas-colombianos-esperan-volar-a-final-de-ano-GO13485030,elcolombiano,elcolombiano.com,42,6
f312f005d85e01b526e17558536df050,"El anuncio de la gerencia de EPM de entablar una demanda por $9,9 billones contra el Consorcio CCC, constructor del proyecto Hidroituango por los daños ocasionados por la contingencia ocurrida en abril de 2018, y la posterior renuncia de ocho de los nueve miembros de la junta directiva de EPM generó una de las peores crisis de gobernanza que se haya escrito en los 65 años de historia de la más importante empresa de servicios públicos del país.Las implicaciones que esta coyuntura le plantean a la... ", Foro | Los desafíos de la gobernanza en EPM ,http://elcolombiano.com/antioquia/foro-los-desafios-de-la-gobernanza-en-epm-EO13483878,elcolombiano,elcolombiano.com,38,4
1436e263c2740762c18647796f7c3890,"La plataforma de alojamiento en hogares Airbnb informó ayer que presentó documentos confidenciales a las autoridades de la Bolsa de Nueva York para iniciar el proceso de apertura de capital en la plaza de Wall Street.El número de acciones que saldrán al mercado y el precio todavía está por determinarse, según la firma con sede en San Francisco.La decisión, que había sido adelantada por la prensa norteamericana hace algunas semanas, ocurre en momentos en que la industria turística y de viajes sufre... "," Airbnb, más cerca de Wall Street ",http://elcolombiano.com/negocios/empresas/airbnb-saldra-a-bolsa-en-estados-unidos-PO13485082,elcolombiano,elcolombiano.com,43,4
198e32b1781e79e4f854a1ea1e0e22a7,"La NBA anunció que no hubo ningún positivo por coronavirus tras las últimas pruebas hechas en la ‘burbuja’ de Orlando, donde se disputan los playoffs de la temporada. De los 341 jugadores que se encuentran en la burbuja de Orlando, a los que se les hizo la prueba de covid-19 desde que se anunciaron por última vez los resultados el pasado 12 de agosto, ninguno arrojó positivo. Le puede interesar: Farah y Cabal lideran lista de dobles del US OpenEn el caso de que un jugador en la ‘burbuja’ devuelva... "," NBA, sin positivos por covid-19 en los playoffs ",http://elcolombiano.com/deportes/otros-deportes/nba-sin-positivos-por-covid-19-en-los-playoffs-GO13486055,elcolombiano,elcolombiano.com,42,3
f9a958f3c3dbfa2d39d263fca3a8d90f,"Sobre una barca se van repartiendo libros por la orilla del Río Atrato, en total serán 3.000 ejemplares que buscan llegar a las manos de niños en cuatro comunidades diferentes. Esta actividad es una de las que está coordinando la Fiesta de la lectura y la escritura de Chocó, Flecho, que se desarrolla desde este miércoles 19 de agosto hasta el 23 en Quibdó. Este año, Flecho fue cancelado apenas arrancó la cuarentena en marzo, todo estaba comprado y listo, pero la salud primó. Con apoyo del Ministerio... "," Con homenajes a las letras chocoanas, arrancó Flecho  ",http://elcolombiano.com/cultura/literatura/flecho-rinde-homenaje-a-las-letras-y-voces-del-choco-en-su-tercera-edicion-PO13484487,elcolombiano,elcolombiano.com,40,5
469f4909bc4694663546b62d7e2d1403,"La Dirección de Impuestos y Aduanas Nacionales (Dian) anunció la aprehensión de la embarcación Santa Filomena, en la que se transportaban 1.742.000 cajetillas de cigarrillos de contrabando de diferentes marcas en Urabá.Puede leer: Impuestos entran a revisión foráneaSegún confirmó la entidad, este acontecimiento tiene un valor comercial de más de 7.074 millones de pesos y un avalúo aduanero que se estimó en más de 2.659 millones de pesos, incluida la embarcación.“El éxito de esta operación, que es... "," Dian aprehendió 1,74 millones de cajetillas de cigarrillos en Urabá ",http://elcolombiano.com/negocios/economia/dian-aprehendio-174-millones-de-cajetillas-de-cigarrillos-en-uraba-EO13485809,elcolombiano,elcolombiano.com,36,6
68a49012fff65d6a7c42b871985a5141,"Ayer, al cierre de la jornada en la Bolsa de Valores de Colombia (BVC), la acción preferencial de Avianca Holdings registró la mayor caída entre los títulos que se negocian y cerró en 136 pesos, disminuyendo 22,29 % respecto al martes.Esto, coincidiendo con que en la mañana del miércoles se conoció que el expresidente de la junta directiva de la compañía, Germán Efromovich, fue arrestado junto a su hermano en Brasil por el caso Lava Jato, ajeno a la aerolínea, en el que se “investigan supuestos... "," Acción de Avianca sufre otro golpe de 22,29 % ",http://elcolombiano.com/negocios/empresas/accion-de-avianca-se-vio-afectada-por-efromovich-MO13484901,elcolombiano,elcolombiano.com,41,4
b233056b6ef999d5b25bb272801377a4,"Una etapa bastó para poner en duda no solo su rol sino también la participación de Chris Froome en el Tour de Francia.Finalmente, el cuatro veces campeón de esta competencia no asistirá. Tampoco, para sorpresa de todos, su compatriota Geraint Thomas, vencedor en 2018. ¿Una decisión acertada, realista? ¿Podrán sacar ventaja las demás escuadras tras la ausencia de estos experimentados hombres? ¿La juventud hará que el Team Ineos mantenga su hegemonía? ¿Podrá Egan Bernal revalidar el título ahora sin... ", ¿Podrá Egan sin Froome ni Thomas? ,http://elcolombiano.com/deportes/ciclismo/podra-egan-sin-froome-ni-thomas-IO13483946,elcolombiano,elcolombiano.com,44,3
28ce4f9efb6675b04707526543826529,"El Contralor General de la República, Felipe Córdoba, informó en la noche de este miércoles, por medio de redes sociales, que resultó positivo para coronavirus.Dijo que, a partir de este momento, guardará estricta cuarentena y que seguirá trabajando de forma virtual.“Solicito al equipo de la entidad también continuar trabajando con el mismo compromiso por el bienestar de los colombianos”, añadió en un mensaje de Twitter difundido por el ente de control.... ", Fui diagnosticado positivo en covid: contralor Córdoba ,http://elcolombiano.com/colombia/contralor-felipe-cordoba-tiene-coronavirus-AO13486633,elcolombiano,elcolombiano.com,36,5
eb08a14f0cca6fe7ba09999340b402c7,"La literatura y el ciclismo son dos pasiones que Óscar Correa Caicedo ha podido disfrutar más durante el aislamiento. Cuenta que gran parte de su tiempo en casa lo dedica a estas dos actividades, incluso las ha entrelazado en un proyecto con el que espera formar una red de amantes a las letras y el pedal.“El ciclismo es un hobby pero he logrado unirlo con mi profesión con un libro que estamos haciendo circular que se llama Mi viaje escalador. Lo estoy realizando en compañía de un amigo y en él reseñamos... "," Historias y pedales, la amalgama de Óscar en Miércoles de Clásico ",http://elcolombiano.com/deportes/ciclismo/historias-y-pedales-la-amalgama-de-oscar-en-miercoles-de-clasico-OO13484875,elcolombiano,elcolombiano.com,41,6
fd9732cc73cbf6cc94e141b9bec300d3,"El auto en el que la Sala Especial de Instrucción de la Corte Suprema de Justicia resolvió la situación jurídica del expresidente y senador Álvaro Uribe reveló también cuál ha sido la defensa que ha tenido el exmandatario en este proceso, las principales apuestas y las respuestas que ha dado a cada una de las acusaciones que pesan en su contra.El abogado penalista Alejandro Arcila explicó que en esta etapa de instrucción han practicado un gran cúmulo de pruebas decretadas por la Sala bien sea de... ", Defensa de Uribe responde a las pruebas ,http://elcolombiano.com/colombia/defensa-de-uribe-responde-a-las-pruebas-OO13486239,elcolombiano,elcolombiano.com,41,4
addafba069e7cab9b6eb225ace54decc,"MIÉRCOLES 19 DE AGOSTO, 5:55 P. M.Un nuevo informe diario entregado por el Ministerio de Salud y el Instituto Nacional de Salud da cuenta de 13.056 casos más de coronavirus confirmados en el país. La cifra es resultado del procesamiento de 30.920 pruebas PCR y 7.095 de antígenos en el territorio nacional.Así, el país alcanza los 502.178 casos acumulados de covid-19. De ellos, permanecen activos 158.893.En el reporte también se informó sobre la muerte de otras 360 personas a causa del virus. La cifra total de fallecimientos se eleva entonces a 15.979, mientras que el número de pacientes que se han recuperado de la enfermedad ya son 326.298.Los territorios con mayor número de nuevos contagios son Bogotá (5.014), Antioquia (1.525), Valle del Cauca (1.053), Cundinamarca (670), Santander (625), Córdoba (606) y Sucre (425).Vea aquí más cifras y mapas sobre cómo avanza la pandemia en Medellín, Antioquia, Colombia y el mundo#ReporteCOVID19 - 19 de agosto:13.975 recuperados13.056 nuevos casos360 fallecidosMuestras:PCR: 30.920Antígeno: 7.095Total:326.298 recuperados502.178 casos de COVID-1915.979 fallecidos2.337.241 muestras procesadas158.893 casos activoshttps://t.co/SiKTpTCQ3W pic.twitter.com/tY4yGr4CPWMARTES 18 DE AGOSTO, 4:55 P.M.El Ministerio de Salud reportó 12.462 casos nuevos de coronavirus en Colombia para un total de 489.122 positivos confirmados, y 160.189 activos.Precisaron que 2.374 de los casos nuevos son positivos que no fueron incluidos en el reporte del lunes 17 de agosto.La cifra de fallecidos aumenta a 15.619 con las 247 víctimas confirmadas en el reporte de hoy. Los recuperados en el país ascienden a 312.323 con 10.798 nuevos recuperados reportados.Los lugares de Colombia con mayor número de casos nuevos reportados en el reporte de este martes son: Bogotá (4.627), Antioquia (1.413) y Valle (1.081).En las últimas 24 horas se procesaron 35.883 pruebas PCR y 3.600 de antígenos.LUNES 17 DE AGOSTO, 5:14 P. M.Este lunes, el Ministerio de Salud y el Instituto Nacional de Salud (INS) entregaron un nuevo reporte diario de contagios de coronavirus, que en esta oportunidad da cuenta de 8.328 casos nuevos confirmados.La cifra se determinó tras procesar 32.723 pruebas PCR y 1.632 pruebas de antígenos. Así, Colombia llega a 476.660 casos acumulados desde el inicio de la pandemia, de los que 158.778 continúan activos.A la fecha, 301.525 pacientes diagnosticados con covid-19 se han recuperado.El informe también registra 275 nuevas muertes. Desde el inicio del brote, 15.372 personas han muerto en Colombia a causa de la enfermedad.Los territorios con mayo número de contagios nuevos reportados son Bogotá (3.378), Antioquia (1.034, Córdoba (640), Valle del Cauca (422) y Cundinamarca (409)DOMINGO 16 DE AGOSTO, 5:06 P. M.En un nuevo reporte diario, el Ministerio de Salud y el Instituto Nacional de Salud (INS) confirmaron 11.647 casos más de coronavirus en el país. La cifra se conoció tras el procesamiento de 34.892 pruebas.Así, Colombia completa 468.332 contagios desde el inicio de la pandemia, de los que 164.832 continúan activos. La cifra de pacientes recuperados llegó a 287.436.El informe también registra 287 nuevas muertes, por lo que el número total de fallecidos en el territorio nacional a causa del virus llega a 15.097.Los territorios con mayor número de nuevos casos reportados son Bogotá (4.620), Antioquia (1.423), Valle del Cauca (664), Córdoba (622) y Cundinamarca (608).SÁBADO 15 DE AGOSTO, 5:30 P. M.En su reporte diario, el Ministerio de Salud y el Instituto Nacional de Salud (INS) confirmaron 11.578 nuevos contagios de coronavirus en el país. La cifra se conoció tras el procesamiento de 38.811 pruebas.De acuerdo con el despacho de Salud, 166.514 casos continúan activos. No obstante, se han recuperado a la fecha 274.420 pacientes.Igualmente, el informe da cuenta de 318 muevas muertes en las últimas 24 horas, con las que el número de fallecidos en el país por el virus llega a 14.810.Los territorios con mayor número de casos reportados son Bogotá D.C. (4.221), Antioquia (1.751), Cundinamarca (710), Valle del Cauca (676) y Córdoba (643).VIERNES 14 DE AGOSTO, 5:20 P. M.En un nuevo reporte, el Ministerio de Salud confirmó que en las últimas 24 horas el país registró 11.306 contagios nuevos por la covid-19, además, reportó la muerte de 347 personas.Según la cartera de salud, en las últimas 24 horas se procesaron un total de 41.434 pruebas. Con estas nuevas cifras Colombia suma 168.394 casos activos del virus para un total de 445.111 casos.Los datos también advierten que desde que se tiene registro de coronavirus en el país, 14.492 personas han perdido la vida. Bogotá con 154.452 casos sigue siendo la ciudad más afectada por esta enfermedad.Los lugares que más reportaron casos nuevos este viernes son Bogotá (4.506), Antioquia (1.762) y Valle (738).JUEVES 13 DE AGOSTO, 4:46 P. M.El Ministerio de Salud reporta que 11.286 nuevas personas tienen la covid-19 en el territorio nacional. Con este boletín, el número total de casos en el país asciende a 433.805, de los cuales se registran 168.256 activos.También se informa que otras 308 personas murieron por el virus, con lo cual la cifra de muertes llega a 14.145.Los lugares con más nuevos contagios confirmados son: Bogotá, con 3.841; Antioquia, con 1.614, y Valle, con 848.Minsalud confirma, además, que la cifra de recuperados en Colombia sube a 250.494.Finalmente, en el reporte se destaca que en las últimas 24 horas se procesaron 40.076 pruebas a nivel nacional.MIÉRCOLES 12 DE AGOSTO, 5:05 P. M.En las últimas 24 horas, Colombia registró 12.066 casos nuevos de coronavirus, mientras que se reportó que 362 personas murieron a causa de la enfermedad. El Ministerio de Salud confirmó en su reciente informe que en este último día se procesaron un total de 40.425 pruebas y que en el país, actualmente, hay 168.015 personas con covid-19.La mayoría de los casos nuevos se registraron en las siguientes zonas: Bogotá (4.115), Valle del Cauca (1.826) y Antioquia (1.656).Con esta nueva actualización, el país se acerca a las 14.000 muertes por coronavirus (actualmente van 13.837).Bogotá sigue teniendo la mayoría de casos, con 146.109; seguido del Atlántico, con 59.383 casos, y Antioquia, con 55.820.MARTES 11 DE AGOSTOEl Ministerio de Salud reveló en su más reciente informe que en el país se registraron, en las últimas 24 horas, 12.830 nuevos casos de coronavirus para un registro total de 410.453 personas que han tenido el virus en el país.Esa cartera afirmó también que Colombia tiene 165.698 personas activas con covid-19. Mientras que 321 personas perdieron la vida por esa enfermedad en el mismo periodo de tiempo.Ante esta nueva actualización, el país reporta la muerte de 13.475 personas por este virus, mientras que las regiones más afectadas por las infecciones son Bogotá (141.994), Atlántico (59.101) y Antioquia (54.165).LUNES 10 DE AGOSTO, 5:10 P.M.En su reporte diario sobre el avance del coronavirus en el país, el Ministerio de Salud confirmó que en las últimas 24 horas se registraron 10.142 nuevos casos, mientras que 312 personas fallecieron.Esa cartera también anunció que Colombia tiene 162,155 casos activos de covid-19.Con esta nueva actualización, el coronavirus le ha quitado la vida a 13.154 personas y la mayoría de contagios activos se registra en Bogotá (136.764), Atlántico (58.634) y Antioquia (52.417).DOMINGO 9 DE AGOSTO, 5:15 P.M.El Ministerio de Salud entregó un nuevo reporte sobre conoronavirus en Colombia. En las últimas 24 horas se confirmaron 10.611 casos nuevos y 302 fallecidos. Con los nuevos datos, el país llega a 387.481 casos (de los cuales 161.141 permanecen activos) y llora la muerte de 12.842 personas.Las regiones más afectadas en este nuevo reporte fueron Bogotá, Antioquia y Córdoba. En la capital se confirmaron 3.448 casos; en Antioquia 1.605; y en Córdoba, la sorpresa de este reporte, se confirmaron 900 casos nuevos.El INS también informó que se procesaron 31.743 pruebas.SÁBADO 8 DE AGOSTO, 5:00 P.M. Las autoridades colombianas entregaron el reporte diario de coronavirus en el país.Las cifras revelan 9.674 casos nuevos,y 290 fallecidos. El consolidado, entonces, alcanza los 376.870 casos (de los cuales 158.949 permanecen activos) y 12.540 muertos. Los recuperados, entre tanto, ya superan los 200 mil y suman 204.591.Como ya es usual, Bogotá, Antioquia y Valle son las regiones que más sumaron contagios. La capital contabilizó 3.485 contagios; Antioquia 1.505 casos y Valle 487. El número de prubas procesadas, en esta entrega, fue de 35.076.VIERNES 7 DE AGOSTO, 5:30 P.M.El Ministerio de Salud entregó su informe diario sobre contagios y muertes por coronavirus en Colombia. En el país se sumaron 9.486 casos nuevos y 311 fallecimientos.Con las nuevas cifras, Colombia llega a 367.196 casos confirmados de covid-19 y supera la barrera de los 12 mil fallecimientos, con 12.250 muertes. En cuanto a los recuperados, ya han superado la enfermedad 198.495 personas.Las regiones más afectadas en el nuevo reporte son las usuales: Bogotá, Antioquia y Valle. La capital registró 2.613 casos; Antioquia, 2.104 casos; y Valle, 617 casos.Para el reporte de hoy, el Instituto Nacional de Salud también señala que se procesaron 40.457 pruebas.JUEVES 6 DE AGOSTO, 4:50 P.M.En un nuevo reporte diario, el Ministerio de Salud y el Instituto Nacional de Salud, tras el procesamiento de 40.063 pruebas, informaron este jueves 11.996 casos confirmados de coronavirus. Con ello, el país alcanza los 357.710 diagnósticos desde el inicio de la pandemia, de los que continúan activos 152.671.Esto quiere decir que se han recuperado a la fecha 192.355 personas.También se registraron 315 nuevos fallecimientos, con lo que la cifra de muertos por coronavirus en el país llega a 11.939.Los territorios con mayor número de contagios fueron Bogotá (6.068), Antioquia (1.359), Valle del Cauca (1.144), Santander (432) y Cundinamarca (341).Es notorio el descenso progresivo de nuevos casos en Atlántico (280) y Barranquilla (177).MIÉRCOLES 5 DE AGOSTO, 5:45 P.M.Este miércoles, el Ministerio de Salud y el Instituto Nacional de Salud (INS) registraron en su reporte diario 10.375 casos nuevos de coronavirus confirmados en el país, para un total de 345.714 personas diagnosticadas desde que la pandemia llegó al país.La información se obtuvo tras procesar 38.264 pruebas. Del total de casos, permanecen activos 147.094.Igualmente, se registraron 309 nuevas muertes, con lo que la cifra total de personas fallecidas alcanzó las 11.624. Mientras que los pacientes que se han recuperado de la enfermedad suman a la fecha 186.317.Los territorios con mayor número de nuevos casos son Bogotá (4.243), Antioquia (1.389), Valle (1.018), Córdoba (525) y Cundinamarca (410).", Colombia superó los 13.000 contagios diarios de coronavirus ,http://elcolombiano.com/colombia/salud/nuevos-casos-de-coronavirus-covid-19-en-colombia-BF12602605,elcolombiano,elcolombiano.com,752,5
81ff15853db05a1f7b42f256f64b9bed,"MIÉRCOLES 19 DE AGOSTO, 8:06 P. M.El boletín del Ministerio de Salud reportó 1.525 nuevos casos de covid-19 en Antioquia, diagnosticados en las últimas 24 horas. La cifra total de contagiados confirmados en el departamento asciende a 66.206. (34.799 hombres y 31.407 mujeres).Sobre los nuevos positivos, la Gobernación aclara que todos están “previamente identificados, y puestos en aislamiento y bajo la vigilancia epidemiológica”.En el boletín también se informó sobre la muerte de 43 personas: Medellín (15), Turbo (5), Apartadó (4), Bello (3), Caucasia (3), Cáceres (2), Itagüí (2), Yondó (1), Santa Fe de Antioquia (1), Sabaneta (1), Caldas (1), Chigorodó (1), Marinilla (1), Zaragoza (1), Carepa (1) y El Bagre (1). Con estos nuevos decesos, se totalizan 1.269 fallecimientos en el departamento.El número de personas que se recuperaron sube a 54.625, mientras que se reportan 10.244 casos activos (4.122 en Medellín).Esta es la distribución de los nuevos contagios: Medellín (970), Bello (190), Itagüí (70), Apartadó (41), Envigado (32), Caldas (30), Copacabana (26), La Estrella (22), Sabaneta (17), Rionegro (15), Chigorodó (13), Girardota (10), La Ceja (8), Heliconia (7), Turbo (6), Caucasia (6), Carepa (5), Marinilla (5), Uramita (4), Barbosa (4), La Unión (4), El Bagre (3), Arboletes (2), Tarso (2), Remedios (2), Salgar (2), Guarne (2), San Pedro de los Milagros (2), San Pedro de Urabá (2), Jericó (2), Nechí (2), San Luis (1), Abejorral (1), Donmatías (1), Valdivia (1), Cáceres (1), Anzá (1), Yondó (1), Anorí (1), Zaragoza (1), Mutatá (1), Cañasgordas (1), Buriticá (1), Carmen de Viboral (1), Puerto Berrío (1), Támesis (1), Necoclí (1), La Pintada (1), Maceo (1) y Segovia (1).La Gobernación precisó que 825 personas están hospitalizadas: 431 reciben atención en unidad de cuidado intensivo (UCI) y 394 se encuentran en hospitalización general. Indicó que Antioquia cuenta con 873 camas UCI para pacientes contagiados, de las cuales 711 están ocupadas por casos confirmados y sospechosos. En ese sentido, detalla que la ocupación de camas covid bajó a 81,44 %.Finalmente, en el informe se anotó que el departamento ha procesado 302.851 muestras.Vea aquí más cifras y mapas sobre cómo avanza la pandemia en Medellín, Antioquia, Colombia y el mundo??Con 1.525 casos nuevos registrados, hoy el número de contagiados por COVID-19 en Antioquia se eleva a 66.206✔️Medellín (970)✔️Bello (190)✔️Itagüí (70)✔️Apartadó (41)✔️Envigado (32)✔️Caldas (30)✔️Copacabana (26)✔️La Estrella (22)✔️Sabaneta (17)✔️Rionegro (15) pic.twitter.com/lGzAGS2ilPMARTES 18 DE AGOSTO, 9:30 P.M.En un nuevo informe diario, la Secretaría Seccional de Salud de Antioquia reportó este martes 1.413 casos nuevos en el departamento, con lo que el número acumulado de contagios desde el inicio del brote se eleva a 64.679. De ellos, hay 10.278 casos que continúan activos. De ellos 30.630 son mujeres y 34.049 son hombres. La cifra de personas recuperadas es de 53.107Además, se reportan 25 fallecidos. En Medellín hay (17) de ellos. Santa Rosa de Osos (1), Carepa (1), Caucasia (1), Rionegro (1), Guarne (1), Turbo (1), La Estrella (1) y Marinilla (1). Así la cifra total de fallecidos por la enfermedad en Antioquia asciende a 1.226. A la fecha Antioquia ha procesado el 13.5% del total de pruebas del país.En lo relacionado con los pacientes provenientes de otros departamentos y que están hospitalizados hay (23) personas. De Chocó (8) están en UCI y (7) en habitación general. Guajira (1) en UCI, Boyacá (1) en UCI y (1) en hospitalización general, Córdoba (1) en UCI, Santander (1) en hospitalización general, Cundinamarca (1) en hospitalización general, Valle (1) en UCI y Magdalena (1) en hospitalización general.Respecto a las camas UCI, el departamento cuenta con 874 para pacientes con COVID, de estas últimas hay 716 ocupadas, entre pacientes confirmados y sospechosos. Es decir, que la ocupación de camas COVID en el departamento es de 81.92%.LUNES 17 DE AGOSTO, 9:00 P.M.En un nuevo informe diario, la Secretaría Seccional de Salud de Antioquia reportó este lunes 1.034 nuevos casos de coronavirus en el departamento, con lo que el número acumulado de contagios desde el inicio del brote se eleva a 63.266. De ellos, hay 10.431 casos que continúan activos.De ese número acumulado, 29.934 se han presentado en mujeres y 33.332 en hombres. En la región permanecen 800 pacientes hospitalizados, entre ellos, 416 en unidades de Cuidado Intensivo.Entre las personas que permanecen en centros asistenciales, 33 provienen de otros departamentos: 22 de Chocó, 1 de Bolívar, 1 de La Guajira, 3 de Boyacá, 2 de Córdoba, 1 de Santander, 1 de Cundinamarca, 1 del Valle del Cauca y 1 de Magdalena.Asimismo, se reportaron 40 nuevos fallecimientos: 21 en Medellín, 6 en Apartadó, 3 en Caucasia, 2 en Bello, 2 en Turbo, 1 en Fredonia, 1 en Itagüí, 1 en Caldas, 1 en Zaragoza, 1 en El Bagre y 1 en Envigado.La cifra total de muertes en Antioquia llega a 1.201, mientras que los pacientes recuperados ya son 51.586. La ocupación de camas UCI alcanza el 81,2 %.Los nuevos casos están distribuidos así:Medellín (613), Bello (83), Itagüí (75), Apartadó (29), Turbo (28), Envigado (24), Caldas (15), Copacabana (15), Rionegro (15), Sabaneta (13), Carepa (12), San Pedro de Urabá (10), Chigorodó (10), La Estrella (10), San Carlos (9), Santa Rosa de Osos (7), Barbosa (6), Guarne (6), Caucasia (6), La Ceja (6), Santa fe de Antioquia (6), Girardota (5), Puerto Berrío (3), Necoclí (2), Venecia (2), San Luis (2), La Pintada (2), Argelia (2), Ebéjico (1), Uramita (1), San Vicente (1), Yarumal (1), San Jerónimo (1), Mutatá (1), Remedios (1), La Unión (1), San Francisco (1), Dabeiba (1), Guadalupe (1), Donmatías (1), Valdivia (1), Carmen de Viboral (1), Santa Bárbara (1), Puerto Nare (1), Cáceres (1) y Cocorná (1).DOMINGO 16 DE AGOSTO, 9:00 P.M.La Secretaría Seccional de Salud de Antioquia reportó este domingo 1.423 nuevos casos de coronavirus en el departamento, con lo que el número acumulado de contagios desde el inicio de la pandemia se eleva a 62.232. De ellos, 11.106 continúan activos.De ese número acumulado de casos, 29.435 se han presentado en mujeres y 32.797 en hombres. Hoy en la región permanecen 839 pacientes hospitalizados, 426 de ellos en unidades de Cuidado Intensivo y 413 en hospitalización general.Entre ellos, 34 personas provienen de otros departamentos: 23 de Chocó, 1 de Bolívar, 1 de La Guajira, 3 de Boyacá, 2 de Córdoba, 1 de Santander, 1 de Cundinamarca, 1 del Valle del Cauca y 1 de Magdalena.Asimismo, se reportaron 40 nuevos fallecimientos: 21 en Medellín, 3 en Apartadó, 2 en Arboletes, 1 en Bello, 1 en Caucasia, 1 en Cocorná, 1 en El Bagre, 1 en Itagüí, 2 en La Estrella, 2 en Rionegro, 1 en Santa Fe de Antioquia y 4 en Turbo.Así, la cifra total de muertes en Antioquia llega a 1.161, mientras que los pacientes recuperados ya son 49.917 en el departamento.Respecto a camas UCI, Antioquia alcanza el 80 % de ocupación, con 692 camas ocupadas de un total de 865.Los nuevos casos están distribuidos así:Medellín (864), Bello (89), Itagüí (60), Envigado (39), Apartadó (38), Sabaneta (37), Carepa (29), Caldas (23), Turbo (22), San Pedro de Urabá (22), Copacabana (20), Caucasia (19), Rionegro (18), Girardota (16), Chigorodó (15), La Estrella (9), Yarumal (9), Marinilla (8), Guarne (8), Necoclí (6), Puerto Berrío (6), Sopetrán (5), Santa Rosa de Osos (4), Amagá (4), Santa Bárbara (3), Ciudad Bolívar (3), Zaragoza (3), Carmen de Viboral (3), Amalfi (2), La Ceja (2), El Bagre (2), Donmatías (2), Buriticá (2), Ituango (2), Andes (2), El Peñol (2), La Unión (2), Santa fe de Antioquia (2), Barbosa (2), Mutatá (2), Yondó (1), Gómez Plata (1), Granada (1), El Retiro (1), Urrao (1), Cañasgordas (1), Abejorral (1), Arboletes (1), Peque (1), Segovia (1), San Roque (1), Vigía del Fuerte (1), Frontino (1), Entrerríos (1), El Santuario (1), Venecia (1) y Remedios (1).SÁBADO 15 DE AGOSTO, 9:00 P.M.La Secretaría Seccional de Salud de Antioquia reportó este sábado 1.751 casos nuevos de coronavirus en el departamento, con lo que el número de contagios se eleva a 60.873 desde el inicio de la pandemia. De ellos, 11.134 continúan activos.Del número acumulado de casos, 28.745 corresponden a mujeres y 32.128 a hombres. Hay en la región 808 pacientes hospitalizados a la fecha: 420 en unidades de Cuidado Intensivo y 388 en hospitalización general.Entre ellos, 33 personas provienen de otras zonas del país: 23 de Chocó, (12 en UCI); 1 de Bolívar, 1 de La Guajira, 3 de Boyacá, 2 de Córdoba, 1 de Santander, 1 de Cundinamarca y 1 del Valle del Cauca.Asimismo, se reportaron 55 nuevos fallecimientos: 29 en Medellín, 3 en Apartadó, 1 en Barbosa, 1 en Bello, 2 en Caldas, 7 en Caucasia, 1 en Chigorodó, 5 en El Bagre, 2 en Envigado, 1 en Itagüí, 1 en La Estrella, 1 en Sabaneta y 1 en San Vicente.Así, el total de muertes en Antioquia llega a 1.121, mientras que los pacientes recuperados ya son 48.570 en el departamento.Respecto a camas UCI, el departamento cuenta con 863 para pacientes con covid, de estas últimas hay 698 ocupadas, entre pacientes confirmados y sospechosos. Es decir que la ocupación de camas covid en el departamento es de 80.88%.Los nuevos casos están distribuidos así:Medellín (960), Bello (150), Rionegro (149), Itagüí (122), Envigado (42), Necoclí (32), Apartadó (27), Sabaneta (26), La Estrella (23), Copacabana (22), Turbo (18), Caldas (17), Carepa (16), Marinilla (13), Salgar (12), La Ceja (11), El Bagre (10), Chigorodó (10), Tarazá (6), Girardota (6), Arboletes (5), Guarne (5), Puerto Triunfo (5), Caucasia (5), Barbosa (5), Donmatías (3), Santa fe de Antioquia (3), San Pedro de Urabá (3), El Santuario (2), Nechí (2), Santa Rosa de Osos (2), Anzá (2), San Vicente (2), Mutatá (2), Amalfi (2), Puerto Berrío (2), Vigía del Fuerte (2), Uramita (1), San Carlos (1), Amagá (1), San Francisco (1), Abejorral (1), Anorí (1), San Jerónimo (1), Ciudad Bolívar (1), Angelópolis (1), San Juan de Urabá (1), Dabeiba (1), Santa Bárbara (1), San Pedro (1), Murindó (1), Titiribí (1), Cisneros (1), La Unión (1), Carmen de Viboral (1), El Retiro (1), Guatapé (1), Yolombó (1) y Zaragoza (1). Adicionalmente, hay cinco casos en estudio para determinar su procedencia.VIERNES 14 DE AGOSTO, 9:21 P.M.La Seccional de Salud de Antioquia reportó este viernes 1.762 nuevos casos y 43 fallecidos por covid-19 en la región. Con estos datos las cifras de la pandemia en Antioquia llegan ya a 59.122 casos confirmados y 1.066 fallecidos. De ellos 27.883 son mujeres y 31.239 son hombres.Sobre las personas muertas por las afectaciones del Sars-CoV2 en el cuerpo humano, la Seccional detalló que los nuevos casos ocurrieron en Medellín con (15) de ellos, Bello (6), El Bagre (4), Rionegro (3), Caucasia (2), Carepa (2), San Pedro de Urabá (2), Itagüí (1), Cáceres (1), La Estrella (1), Caldas (1), Turbo (1), Girardota (1), Chigorodó (1), Apartadó (1) y Copacabana (1).Del total de casos confirmados, las autoridades sanitarias detallaron además que 11.140 de ellos están activos en el departamento y la cifra de personas recuperadas es de 46.869.A la fecha en Antioquia hay 860 pacientes hospitalizados: (431) en Unidad de Cuidado Intensivo, UCI, y (429) en hospitalización general.En lo relacionado con los pacientes provenientes de otros departamentos y que están hospitalizados hay (33) personas. De Chocó (11) están en UCI y (12) en habitación general. Bolívar (1) en habitación general, Guajira (1) en UCI, Boyacá (2) en UCI y (1) en hospitalización general, Córdoba (1) en hospitalización general y (1) en UCI, Santander (1) en hospitalización general, Cundinamarca (1) en hospitalización general y Valle (1) en UCI.Respecto a las camas UCI, el departamento cuenta con 856 para pacientes con COVID, de estas últimas hay 708 ocupadas, entre pacientes confirmados y sospechosos. Es decir, que la ocupación de camas COVID en el departamento es de 82.71%.Los nuevos casos están distribuidos así:Medellín (1.030), Bello (150), Itagüí (76), Apartadó (59), Envigado (47), Copacabana (39), Rionegro (27), Salgar (26), Sabaneta (24), Chigorodó (24), Caucasia (21), Girardota (19), El Bagre (18), Buriticá (17), Caldas (16), La Estrella (15), Carepa (11), Santa Rosa de Osos (9), Puerto Triunfo (7), Marinilla (7), Santa fe de Antioquia (6), Barbosa (6), La Ceja (6), Carmen de Viboral (6), Yarumal (5), Puerto Nare (5), Mutatá (5), Yondó (5), Tarazá (5), Turbo (5), Caicedo (4), Guarne (4), Remedios (4), El Peñol (3), Uramita (3), Amagá (3), La Unión (3), Fredonia (3), Dabeiba (3), Santa Bárbara (3), San Jerónimo (2), Segovia (2), Anorí (2), El Retiro (2), Titiribí (2), El Santuario (2), Argelia (2), Amalfi (2), Necoclí (2), San Vicente (2), Donmatías (1), Montebello (1), Arboletes (1), Entrerríos (1), Ebéjico (1), Abejorral (1), Urrao (1), Cáceres (1), Zaragoza (1), Maceo (1), San Luis (1), Sonsón (1) y San Pedro de Urabá (1).Antioquia ha procesado a la fecha el 13.5% del total de pruebas en Colombia, es decir, 2.063.332 procesadas en el país, en Antioquia se ha procesado en total 279.671 muestras. De estas últimas, 191.177 han resultado negativas. JUEVES 13 DE AGOSTO, 7:30 P.M.La Seccional de Salud de Antioquia reportó este martes 1.614 nuevos casos y 34 fallecidos por covid-19 en la región. Con estos datos las cifras de la pandemia en Antioquia llegan ya a 57.360 casos confirmados y 1.023 fallecidos. De los confirmados, 27.010 son mujeres y 30.350 son hombres.Sobre las personas muertas por las afectaciones del Sars-CoV2 en el cuerpo humano, la Seccional detalló que los nuevos casos ocurrieron en Medellín hay (18) de ellos. Bello (5), Caucasia (4), Caldas (2), Turbo (1), Marinilla (1), Apartadó (1), Itagüí (1) y Envigado (1).Del total de casos confirmados, las autoridades sanitarias detallaron además que 11.052 de ellos están activos en el departamento y la cifra de personas recuperadas es de 45.238.A la fecha en Antioquia hay 826 pacientes hospitalizados: (426) en Unidad de Cuidado Intensivo, UCI, y (400) en hospitalización general.En lo relacionado con los pacientes provenientes de otros departamentos y que están hospitalizados hay (32) personas. De Chocó (12) están en UCI y (10) en habitación general. Bolívar (1) en habitación general, Guajira (1) en UCI, Boyacá (1) en UCI y (2) en hospitalización general, Córdoba (1) en hospitalización general y (1) en UCI, Santander (1) en hospitalización general, Cundinamarca (1) en hospitalización general y Valle (1) en UCI.Respecto a las camas UCI, el departamento cuenta con 852 para pacientes con COVID, de estas últimas hay 685 ocupadas, entre pacientes confirmados y sospechosos. Es decir, que la ocupación de camas COVID en el departamento es de 80.40%.Los nuevos casos están distribuidos así:Medellín (869), Bello (154), Itagüí (88), Envigado (54), Apartadó (47), Copacabana (34), Carepa (32), Sabaneta (26), Rionegro (26), Turbo (24), Caldas (23), El Bagre (22), La Estrella (20), San Pedro de los Milagros (20), Girardota (19), Chigorodó (16), Guarne (16), Santa fe de Antioquia (14), Marinilla (12), Caucasia (8), La Ceja (7), Mutatá (5), Necoclí (5), Barbosa (5), Santa Rosa de Osos (5), El Santuario (4), Zaragoza (4), Donmatías (3), Giraldo (3), Puerto Berrío (3), San Pedro de Urabá (3), Tarazá (3), Carmen de Viboral (2), Urrao (2), Caicedo (2), Vigía del Fuerte (2), San Vicente (2), Yolombó (2), Andes (2), San Juan de Urabá (2), Amagá (2), Yondó (2), Arboletes (2), San Roque (2), Jardín (1), Cáceres (1), Remedios (1), Salgar (1), Santa Bárbara (1), El Retiro (1), Sopetrán (1), Nechí (1), Uramita (1), San Carlos (1), Abriaquí (1), Yarumal (1), La Pintada (1), Entrerríos (1), Ituango (1) y Venecia (1).MIÉRCOLES 12 DE AGOSTO, 8:19 P. M.La Secretaría Seccional de Salud de Antioquia reportó este miércoles que en las últimas 24 horas se registraron 1.656 nuevos casos de coronavirus, con lo cual la cifra de contagiados confirmados sube a 55.820.También informó que otras 52 personas murieron por cuenta del virus; así la cifra total de muertes en el departamento se eleva a 989. Treinta de las muertes reportadas se presentaron en Medellín, las demás proceden de Bello (5), Itagüí (4), Caucasia (3), Apartadó (2), Caldas (2), Turbo (2), Santa Rosa de Osos (1), Andes (1), Envigado (1) y Copacabana (1).En el informe se indica que, a la fecha, hay 12.412 casos activos en el departamento y la cifra de personas recuperadas asciende a 42.372.De los activos, en Medellín hay 4.587 casos. Los 7.825 restantes están distribuidos así: Bello (1.672), Itagüí (943), Envigado (646), Apartadó (528), Rionegro (494), Caldas (344), Copacabana (339), Turbo (245), Sabaneta (231), La Estrella (126), Puerto Nare (112), Chigorodó (107), Santa Fe de Antioquia (106), Carepa (106), Caucasia (104), El Bagre (103), Girardota (96), Marinilla (90), Entrerríos (81), Necoclí (76), Guarne (70), Barbosa (61), Puerto Berrío (59), Dabeiba (55), La Ceja (55), Buriticá (53), Tarazá (46), Santa Rosa de Osos (44), Sonsón (34), Cáceres (33), Yarumal (33), Carmen de Viboral (27), Anorí (24), San Pedro de Urabá (24), Sopetrán (23), Donmatías (23), San Vicente (21), El Santuario (21), Santa Bárbara (21), Ciudad Bolívar (20), El Retiro (20), Amalfi (20), Cañasgordas (19), Urrao (19), Yolombó (18), Guatapé (18), Caicedo (17), Nechí (17), Abriaquí (16), Arboletes (15), Remedios (14), San Jerónimo (14), Venecia (13), Zaragoza (13), El Peñol (12), Frontino (11), Yondó (11), Amagá (11), Toledo (11), Peque (11), Andes (11), San Francisco (11), Segovia (11), San Roque (10), La Unión (9), San Luis (9), Carolina del Príncipe (8), Valdivia (7), Fredonia (7), Támesis (6), Cocorná (6), Murindó (6), Giraldo (6), Argelia (6), San Pedro (6), Ituango (5), Puerto Triunfo (5), Angostura (5), Santo Domingo (5), Ebéjico (5), Granada (5), Vigía del Fuerte (5), Tarso (5), Uramita (5), Heliconia (5), Mutatá (4), Liborina (4), Salgar (4), Belmira (3), Maceo (3), Titiribí (3), Abejorral (3), Concordia (3), San Juan de Urabá (3), San Carlos (3), Briceño (3), Anzá (3), Concepción (2), Montebello (2), Caracolí (2), Armenia (2), Jericó (2), Betania (1), La Pintada (1), San Andrés de Cuerquia (1), San Rafael (1), Alejandría (1), Caramanta (1), Cisneros (1), Olaya (1), San José de la Montaña (1) y Sabanalarga (1). En Hidroituango hay un caso activo.Se anotó también que hay 822 pacientes hospitalizados: 414 en Unidad de Cuidado Intensivo (UCI) y 408 en hospitalización general.Respecto a las camas UCI, el departamento cuenta con 843 para pacientes con covid; de estas, hay 681 ocupadas, entre pacientes confirmados y sospechosos. La ocupación de camas covid es de 80,78 %.Antioquia ha procesado, a la fecha, el 12,9 % del total de pruebas en Colombia, es decir, de 1.982.831 muestras adelantadas en el país, en el departamento se han procesado 255.359. De estas últimas, 176.169 han resultado negativas.MARTES 11 DE AGOSTO, 8:38 P.M.La Secretaría Seccional de Salud de Antioquia reportó este martes que en las últimas 24 horas otros 1.748 casos nuevos registrados y 34 personas fallecieron por cuenta del coronavirus, con lo que la cifra de víctimas mortales se eleva a 937. El número total de contagiados sumó 54.165 casos nuevos.Las víctimas fatales se reparten así: Medellín hay (21) de ellos. Bello (3), Apartadó (2), La Ceja (1), Turbo (1), Pueblorrico (1), Yondó (1), Urrao (1), Arboletes (1), El Peñol (1) y Nechí (1).El informe indica que, a la fecha, hay 12.653 casos activos en el departamento y la cifra de personas recuperadas es de 40.573.De los activos, en Medellín hay 4.767 casos y los 7.886 restantes están distribuidos así en los siguientes municipios: Bello (1.703), Itagüí (972), Envigado (646), Apartadó (600), Rionegro (475), Copacabana (346), Caldas (325), Turbo (268), Sabaneta (200), Buriticá (124), Carepa (113), Puerto Nare (112), Santa fe de Antioquia (110), La Estrella (107), Caucasia (105), El Bagre (102), Chigorodó (94), Girardota (92), Marinilla (83), Entrerríos (81), Guarne (78), Barbosa (61), Puerto Berrío (58), La Ceja (49), Santa Rosa de Osos (43), Tarazá (39), Dabeiba (39), Necoclí (38), Sonsón (36), Cáceres (31), Yarumal (31), Nechí (28), Anorí (26), Carmen de Viboral (25), Sopetrán (23), El Santuario (23), San Pedro de Urabá (23), El Retiro (21), Donmatías (21), San Vicente (20), Ciudad Bolívar (20), Amalfi (19), Frontino (18), Yolombó (18), San Jerónimo (18), Guatapé (18), Urrao (18), Abriaquí (15), Arboletes (15), Amagá (14), Uramita (14), Remedios (14), Venecia (13), Zaragoza (12), Santa Bárbara (12), Yondó (11), Peque (11), Toledo (11), Giraldo (10), San Roque (10), Peñol (10), La Unión (10), Carolina (9), Andes (9), Segovia (9), Fredonia (7), Valdivia (7), Tarso (7), Caicedo (7), Argelia (6), Cocorná (6), San Francisco (6), Murindó (6), San Luis (6), Támesis (6), Montebello (5), Ituango (5), Cañasgordas (5), Angostura (5), Granada (5), Ebéjico (5), Santo Domingo (5), Caracolí (5), Maceo (5), Vigía del Fuerte (5), Puerto Triunfo (4), Anzá (4), Liborina (4), San Pedro (4), Heliconia (4), Salgar (4), Mutatá (3), Belmira (3), San Juan de Urabá (3), Titiribí (3), Briceño (3), Concordia (3), Concepción (2), Jericó (2), Hispania (2), San Carlos (2), Armenia (2), Betania (1), Cisneros (1), San Andrés de Cuerquía (1), San Rafael (1), Gómez Plata (1), Caramanta (1), Sabanalarga (1), Alejandría (1), San José de la Montaña (1) y Olaya (1). Activos de Hidroituango hay (1).Igualmente, señala que hay (747) pacientes hospitalizados: (383) en Unidad de Cuidado Intensivo, UCI, y (364) en hospitalización general.Antioquia ha procesado a la fecha el 12.9% del total de pruebas en Colombia, es decir, 1.942.730 procesadas en el país, en Antioquia se ha procesado en total 250.772 muestras. De estas últimas, 173.295 han resultado negativas.LUNES 10 DE AGOSTO, 8:47 P.M.La Secretaría Seccional de Salud de Antioquia reportó este sábado que en las últimas 24 horas otros 2.471 casos nuevos registrados y 25 personas fallecieron por cuenta del coronavirus, con lo que la cifra de víctimas mortales se eleva a 903. El número total de contagiados sumó 52.417 casos nuevos.Las víctimas fatales se reparten así: Medellín hay (21) de ellos. Arboletes (1), Caucasia (1), El Bagre (1) e Itagüí (1).El informe indica que, a la fecha, hay 12.943 casos activos en el departamento y la cifra de personas recuperadas es de 38.569.De los activos, en Medellín hay 4.900 casos y los 8.043 restantes están distribuidos así en los siguientes municipios: Bello (1.734), Itagüí (1.024), Envigado (656), Apartadó (647), Rionegro (383), Copacabana (355), Caldas (327), Turbo (255), Sabaneta (192), Buriticá (156), Santa fe de Antioquia (135), Puerto Nare (125), Caucasia (118), Carepa (110), La Estrella (97), El Bagre (95), Chigorodó (92), Girardota (90), Guarne (82), Entrerríos (81), Marinilla (80), Barbosa (63), Puerto Berrío (58), La Ceja (52), Santa Rosa de Osos (48), Sonsón (43), Dabeiba (40), Tarazá (38), Yarumal (31), Nechí (29), Cáceres (29), Necoclí (29), Sopetrán (27), Donmatías (27), El Retiro (26), Ciudad Bolívar (26), Carmen de Viboral (26), San Pedro de Urabá (26), Anorí (26), San Jerónimo (21), El Santuario (20), Yolombó (18), Guatapé (18), San Vicente (17), Urrao (17), Frontino (16), Arboletes (16), Abriaquí (15), Amagá (14), Uramita (14), Remedios (14), Santa Bárbara (13), Venecia (13), Zaragoza (13), Yondó (12), El Peñol (12), Valdivia (12), Amalfi (12), Peque (11), Toledo (11), Giraldo (10), La Unión (10), Andes (9), San Roque (9), Carolina (9), Cañasgordas (9), San Francisco (9), Caicedo (8), Segovia (8), Salgar (8), Vigía del Fuerte (8), Fredonia (7), Cocorná (7), Tarso (7), Caracolí (6), Argelia (6), Armenia (6), Murindó (6), Ituango (6), Ebéjico (6), San Luis (6), Maceo (6), Montebello (5), Támesis (5), Santo Domingo (5), San Pedro (5), Angostura (5), San Juan de Urabá (4), Anzá (4), Heliconia (4), San Carlos (4), Hispania (4), Mutatá (4), Granada (4), Puerto Triunfo (4), Titiribí (3), Briceño (3), Concordia (3), Belmira (3), Concepción (2), Guadalupe (2), Liborina (2), Cisneros (2), Jericó (2), San Andrés de Cuerquia (1), Betania (1), San Rafael (1), San José de la Montaña (1), Caramanta (1), Abejorral (1), Pueblorrico (1), Olaya (1) y Sabanalarga (1). Activos de Hidroituango hay (2).Igualmente, señala que hay (747) pacientes hospitalizados: (391) en Unidad de Cuidado Intensivo, UCI, y (356) en hospitalización general.Antioquia ha procesado a la fecha el 12.9% del total de pruebas en Colombia, es decir, 1.909.111 procesadas en el país, en Antioquia se ha procesado en total 247.242 muestras. De estas últimas, 171.123 han resultado negativas.DOMINGO 9 DE AGOSTO, 6:00 P.M.Antioquia sigue de luto por la covid-19, luego de que en las últimas 24 horas se confirmara la muerte de 52 personas por causa de esta enfermedad. Con eso, ya son 736 vidas perdidas desde que inició la pandemia.Según el más reciente informe del Instituto Nacional de Salud (INS), en Colombia hubo 311 fallecidos y nuestro departamento puso la segunda cuota más alta, después de Bogotá, con 106. Es importante aclarar que el reporte recoge decesos de los últimos 10 días, porque algunos casos solo logran confirmarse en ese tiempo.Los datos indican que Antioquia llegó a los 46.834 pacientes diagnosticados, tras sumar en esta jornada 2.104 positivos. Actualmente, hay alerta roja en la región por el alto índice de ocupación de las camas de Cuidados Intensivos.SÁBADO 8 DE AGOSTO, 8:15 P.M.La Secretaría Seccional de Salud de Antioquia reportó este sábado que en las últimas 24 horas otras 46 personas fallecieron por cuenta del coronavirus, con lo que la cifra de víctimas se eleva a 834. El número total de contagiados también siguió subiendo y sumó 1.505 casos nuevos.Las víctimas fatales se reparten así: Medellín (30 casos), Apartadó (5), Arboletes (1), Bello (2), Caucasia (1), Chigorodó (1), El Bagre (2), Envigado (1), Giraldo (1), Itagüí (1) y Turbo (1).“El informe indica que, a la fecha, hay 12.957 casos activos en el departamento y la cifra de personas recuperadas es de 34.549”, reportó Martha Londoño, epidemióloga de la Secretaría.Los 8.346 casos activos se reparten entre los siguientes municipios:Medellín ( 4.611 casos), Bello (1.658), Itagüí (1.009), Apartadó (775), Envigado (673), Copacabana (351), Caldas (316), Rionegro (304), Sabaneta (301), Turbo (274), Buriticá (251), La Estrella (205), Santa fe de Antioquia (155), Caucasia (136), El Bagre (129), Puerto Nare (119), Carepa (118), Entrerríos (100), Girardota (91), Chigorodó (90), Marinilla (85), Guarne (64), Barbosa (61), Puerto Berrío (46), Santa Rosa de Osos (46), La Ceja (44), Sonsón (36), Ituango (32), Necoclí (30), Yarumal (29), Sopetrán (29), Dabeiba (29), Nechí (28), Ciudad Bolívar (27), El Retiro (27), Donmatías (27), El Santuario (26), Tarazá (26), San Pedro de Urabá (25), Carmen de Viboral (23), Anorí (23), Cáceres (23), Yolombó (20), Guatapé (20), San Jerónimo (19), Urrao (19), Giraldo (17), Segovia (17), Venecia (15), Abriaquí (15), Frontino (15), Uramita (14), Remedios (14), Santa Bárbara (14), Zaragoza (13), Amagá (13), Arboletes (12), Andes (12), Toledo (11), Valdivia (11), Yondó (10), Peñol (10), Amalfi (10), Cocorná (9), Hispania (9), Carolina (8), Salgar (8), Caicedo (8), Caracolí (8), Peque (8), Cañasgordas (8), Fredonia (7), Concordia (7), San Francisco (7), San Luis (7), La Unión (7), Puerto Triunfo (6), Ebéjico (6), Tarso (6), Támesis (5), Angostura (5), Santo Domingo (5), Murindó (4), Mutatá (4), Argelia (4), Granada (4), San Roque (4), Montebello (4), Maceo (3), San Pedro (3), Heliconia (3), San Carlos (3), Anzá (3), Briceño (3), Titiribí (3), San Vicente (3), San Juan de Urabá (2), Liborina (2), Armenia (2), Gómez Plata (2), La Pintada (1), Cisneros (1), Betania (1), Concepción (1), San Andrés de Cuerquia (1), Abejorral (1), San José de la Montaña (1), San Rafael (1), Caramanta (1), Sabanalarga (1), Jericó (1) y Olaya (1). Activos de Hidroituango hay (2).VIERNES 7 DE AGOSTO, 6:00 P.M.Antioquia sigue de luto por la covid-19, luego de que en las últimas 24 horas se confirmara la muerte de 52 personas por causa de esta enfermedad. Con eso, ya son 736 vidas perdidas desde que inició la pandemia.Según el más reciente informe del Instituto Nacional de Salud (INS), en Colombia hubo 311 fallecidos y nuestro departamento puso la segunda cuota más alta, después de Bogotá, con 106. Es importante aclarar que el reporte recoge decesos de los últimos 10 días, porque algunos casos solo logran confirmarse en ese tiempo.Los datos indican que Antioquia llegó a los 46.834 pacientes diagnosticados, tras sumar en esta jornada 2.104 positivos. Actualmente, hay alerta roja en la región por el alto índice de ocupación de las camas de Cuidados Intensivos.JUEVES 6 DE AGOSTOAntioquia registró este jueves 1.359 nuevos contagios de coronavirus, 30 menos que el miércoles 5, cuando tuvo 1.389 casos.Como dato positivo, también tuvo un descenso considerable en el número de muertos por el contagio, ya que este día se presentaron 24 decesos contra 57 del miércoles, es decir, 33 menos.Del total de contagiados, según el informe enviado por la Gobernación con base en los reportes del Instituto Nacional de Salud del Ministerio de Salud, 790 casos corresponden a Medellín. Los demás contagiados se cuentan así: Bello (119), Itagüí (77), Apartadó (75), Envigado (37), Copacabana (30), Entrerríos (28), Caldas (22), Sabaneta (21), La Estrella (19), Santa Fe de Antioquia (17), Turbo (16), Carmen de Viboral (9), Necoclí (7), Rionegro (6), Barbosa (6), Marinilla (6), Sonsón (5), Caucasia (5), La Ceja (5), Ciudad Bolívar (4), Girardota (4), Nechí (3), Angostura (3), Puerto Berrío (3), Buriticá (3), Guarne (3), Carepa (3), Chigorodó (3), El Bagre (2), Amagá (2), Yolombó (2), Toledo (1), Santa Rosa de Osos (1), Santa Bárbara (1), Puerto Nare (1), Jericó (1), Valdivia (1), Caicedo (1), San Pedro de los Milagros (1), Remedios (1), San Roque (1), Zaragoza (1), Heliconia (1), Ebéjico (1), El Santuario (1), Salgar (1), Tarazá (1), San Carlos (1), Dabeiba (1), San Jerónimo (1), Venecia (1), San Juan de Urabá (1), Andes (1), San Luis (1) y Concepción (1).Los 24 fallecidos corresponden 14 a Medellín; 1 a Apartadó, 3 a Bello, 2 a Caucasia, 1 a Copacabana, 1 a Dabeiba, 1 a Marinilla, y 1 a Rionegro. La cifra total de fallecidos por covid-19 en Antioquia quedó en 736 personas.El informe indica también que, a la fecha, hay 12.353 casos activos en el departamento y la cifra de personas recuperadas es de 31.639.Los activos están distribuidos así: en Medellín 4.225 casos y los 8.127 restantes en los siguientes municipios: Bello (1.617), Itagüí (1.072), Apartadó (799), Envigado (711), Copacabana (329), Caldas (293), Sabaneta (282), Buriticá (263), Rionegro (250), Turbo (239), La Estrella (189), Santa Fe de Antioquia (156), Caucasia (149), Puerto Nare (138), El Bagre (113), Carepa (109), Girardota (83), Chigorodó (82), Marinilla (80), Entrerríos (69), Guarne (65), Barbosa (52), La Ceja (40), Sonsón (37), Ituango (32), Santa Rosa de Osos (32), Puerto Berrío (32), Cáceres (32), Donmatías (27), Guatapé (27), El Retiro (26), Necoclí (26), Sopetrán (24), Nechí (24), Dabeiba (23), El Santuario (23), Carmen de Viboral (22), Ciudad Bolívar (22), Yarumal (22), Arboletes (22), San Pedro de Urabá (22), Giraldo (19), San Jerónimo (19), Sabanalarga (17), Yolombó (16), Uramita (15), Tarazá (15), Venecia (15), Urrao (14), Frontino (14), Andes (13), Heliconia (11), Anorí (11), Segovia (11), Toledo (11), Amagá (11), Salgar (11), Yondó (10), Remedios (10), Santa Bárbara (10), Valdivia (10), San Luis (8), Hispania (8), Carolina del Príncipe 8), Cañasgordas (8), Ebéjico (8), Abriaquí (8), Caicedo (7), Cocorná (7), Concordia (7), Zaragoza (7), El Peñol (7), Fredonia (7), Amalfi (7), La Unión (6), Mutatá (6), Puerto Triunfo (6), Tarso (6), San Roque (5), Caracolí (5), Támesis (5), Angostura (5), Titiribí (4), Santo Domingo (4), Granada (4), Olaya (4), Murindó (4), Montebello (4), Peque (4), San José de la Montaña (3), San Juan de Urabá (3), Liborina (3), Anzá (3), San Pedro (3), San Francisco (2), Campamento (2), Briceño (2), Maceo (2), Gómez Plata (2), San Rafael (1), Armenia (1), Argelia (1), San Vicente (1), Cisneros (1), Betania (1), La Pintada (1), Jericó (1), Concepción (1), Abejorral (1) y San Carlos (1). Activos de Hidroituango hay 5 pacientes.El informe reseña que a la fecha hay 761 pacientes hospitalizados: 397 en Unidad de Cuidado Intensivo, UCI, y 364 en hospitalización general.En lo relacionado con los pacientes provenientes de otros departamentos y que están hospitalizados hay 31 personas: De Chocó, 13 están en UCI y 12 en habitación general. De Bolívar, 1 en habitación general; de Guajira, 1 en UCI; de Boyacá, 1 en UCI; de Córdoba, 1 en hospitalización general y 1 en UCI; y de Santander, 1 en hospitalización general.Respecto a las camas UCI, el departamento cuenta con 782 para pacientes con covid, de estas últimas 630 están ocupadas, entre pacientes confirmados y sospechosos. Es decir, que la ocupación de camas covid en el departamento es del 80.56%.MIÉRCOLES 5 DE AGOSTOAntioquia registró este miércoles 1.389 nuevos contagios de coronavirus, lo que implica un aumento de 338 casos más en relación con el martes 4, cuando hubo 1.051 infectados.Del total de nuevos contagiados, 800 pertenecen a Medellín. Los restantes, según el boletín de la Gobernación basado en el reporte del Instituto Nacional de Salud del Ministerio del ramo, se distribuyen de la siguiente manera: Bello (134), Apartadó (95), Itagüí (56), La Estrella (33), Envigado (33), Caldas (31), Rionegro (28), Copacabana (20), Sabaneta (16), Santa Fe de Antioquia (15), Turbo (15), Guarne (14), Girardota (12), Caucasia (8), Carepa (7), El Bagre (7), Tarazá (5), Peque (4), Yondó (4), Marinilla (4), Ituango (4), Necoclí (3), Barbosa (3), Heliconia (3), Arboletes (3), La Ceja (3), Tarso (3), Anzá (3), San Pedro (2), Amalfi (2), Abriaquí (2), El Retiro (2), Andes (1), Urrao (1), San Jerónimo (1), Murindó (1), Cáceres (1), Santa Rosa de Osos (1), Anorí (1), San Pedro de Urabá (1), La Unión (1), Ebéjico (1), Ciudad Bolívar (1), Entrerríos (1), Fredonia (1), El Santuario (1) y Yolombó (1).En cuanto a los fallecidos por el virus, bastó un día para que se pasara de 30 a 57 casos (27 más), distribuidos en Medellín (30), Apartadó (1), Barbosa (1), Bello (6), Caucasia (4), Dabeiba (1), El Bagre (1), Envigado (2), Itagüí (6), La Ceja (1), Nechí (2), Sabaneta (1) y Turbo (1). La cifra total de muertos por covid-19 en el departamento subió a 712.Según el informe, a la fecha, hay 13.342 casos activos en el departamento y la cifra de personas recuperadas es de 29.314. El total de pacientes hospitalizados es de 712: (380) en Unidad de Cuidado Intensivo, UCI, y (332) en hospitalización general.A la fecha Antioquia ha procesado el 12.9% del total de pruebas en Colombia, es decir, 1.723.508 procesadas en el país y en este departamento 222.689 muestras. De estas últimas, 155.678 han resultado negativasLos 13.342 casos activos en el departamento están distribuidos así: En Medellín hay 5.390 casos. Los 7.952 restantes pertenecen a los siguientes municipios: Bello (1.552), Itagüí (1.020), Apartadó (765), Envigado (721), Copacabana (319), Caldas (277), Buriticá (276), Sabaneta (272), Rionegro (266), Turbo (230), La Estrella (170), Caucasia (156), Santa Fe de Antioquia (153), Puerto Nare (138), El Bagre (116), Carepa (106), Girardota (98), Chigorodó (82), Marinilla (78), Guarne (62), Barbosa (48), Entrerríos (39), La Ceja (38), Santa Rosa de Osos (35), Cáceres (33), Ituango (32), Sonsón (32), Puerto Berrío (30), Donmatías (28), Guatapé (27), Arboletes (27), El Retiro (26), Necoclí (24), Sopetrán (24), El Santuario (23), Dabeiba (23), Yarumal (23), San Pedro de Urabá (22), Nechí (22), Giraldo (20), San Jerónimo (19), Urrao (19), Ciudad Bolívar (18), Sabanalarga (17), Tarazá (16), Uramita (15), Venecia (15), Carmen de Viboral (15), Yolombó (15), Frontino (14), Segovia (14), Campamento (14), Anzá (14), Andes (14), Salgar (12), Anorí (11), Yondó (10), Amagá (10), Toledo (10), Heliconia (10), Cañasgordas (9), Valdivia (9), Remedios (9), Santo Domingo (9), Santa Bárbara (9), Abriaquí (8), Hispania (8), San Luis (8), Zaragoza (7), Amalfi (7), Ebéjico (7), Concordia (7), La Unión (7), Cocorná (7), Carolina del Príncipe (7), Fredonia (7), Puerto Triunfo (6), Caicedo (6), Peñol (6), Támesis (6), Mutatá (6), Tarso (6), Murindó (5), San Juan de Urabá (5), Caracolí (5), Liborina (4), San Roque (4), Peque (4), Montebello (4), Granada (4), San Pedro (4), Titiribí (4), Olaya (4), San José de la Montaña (3), Cisneros (3), Angostura (3), Briceño (2), Gómez Plata (2), San Francisco (2), Maceo (2), San Rafael (1), Betania (1), La Pintada (1), San Vicente (1), Argelia (1), Armenia (1) y Abejorral (1). Activos de Hidroituango hay 5."," Ocupación de camas covid en Antioquia baja a 81,44 % ",http://elcolombiano.com/antioquia/nuevos-casos-de-coronavirus-en-medellin-y-antioquia-HH13271530,elcolombiano,elcolombiano.com,2747,5
3b73977b1929b2ef18336912c895dd77,"La Industria Colombiana de Motocicletas Yamaha (Incolmotos) confía en la recuperación económica tras la emergencia de la covid-19 y cerrar el año con 104.000 motos vendidas, aunque la estimación en el arranque del año era de 140.000. En los primeros siete meses del año, según datos de la Asociación Nacional de Movilidad Sostenible (Andemos), ya puso a rodar 53.333.Juan David Arango, presidente de la compañía, aseguró que la planta ubicada en el municipio de Girardota, norte del Valle de Aburrá, tiene... ", Incolmotos exporta a Venezuela ,http://elcolombiano.com/negocios/incolmotos-exporta-a-venezuela-NO13484696,elcolombiano,elcolombiano.com,43,3
9e5e42ebeba39350476ae838296703f2,"El Ministerio de Tecnologías de la Información y la Comunicación lanzó la estrategia Misión Tic 2022 con la que el gobierno pretende formar 100 mil programadores durante los próximos dos años.Los beneficiarios de esta estrategia aprenderán diferentes lenguajes de programación e inglés, además de desarrollar habilidades como trabajo en equipo, con el objetivo de que los jóvenes sean parte activa de la Cuarta Revolución Industrial.El presidente Iván Duque aseguró que estos jóvenes estarán vinculados... ", Lanzan convocatoria para capacitar 100.000 jóvenes colombianos en programación  ,http://elcolombiano.com/tecnologia/mintic-lanza-convocatoria-para-capacitar-100000-jovenes-en-programacion-NO13486218,elcolombiano,elcolombiano.com,39,6
15c1c162327c4d9984a56a9f9e2912f9,"El líder de la oposición rusa Alexéi Navalni fue ingresado el jueves en cuidados intensivos en estado grave en un hospital de Siberia, tras sentirse mal en un avión, víctima de un “envenenamiento”, según su entorno.Navalni viajaba de Tomsk, en Siberia, a Moscú en un avión que tuvo que hacer un aterrizaje de emergencia cuando el líder opositor empezó a sentirse enfermo, dijo su portavoz Kira Yarmysh.“Estoy segura de que fue un envenenamiento intencionado”, declaró Yarmysh en la radio Eco de Moscú.... "," Líder opositor ruso, ingresado en cuidados intensivos por “envenenamiento” ",http://elcolombiano.com/internacional/el-lider-de-la-oposicion-rusa-alexei-navalni-fue-ingresado-en-un-hospital-de-siberia-por-envenenamiento-BO13487060,elcolombiano,elcolombiano.com,43,7
f4182eab5a9eca8874dac6c1de587ec0,"Aunque de Urabá son más visibles Turbo, Apartadó y Necoclí, hay poblaciones como San Pedro de las que poco se habla, pese a que es una de las más afectadas de la subregión por el conflicto armado. Precisamente por esa condición fue clasificada como una de las poblaciones PDET (Planes de Desarrollo con Enfoque Territorial), un programa con el que el Gobierno Nacional aporta recursos para territorios con estas características.Pues bien: este municipio agrícola y ganadero, en la zona norte y sin costa... ", Inversión vial llegará a San Pedro de Urabá ,http://elcolombiano.com/antioquia/inversion-vial-llegara-a-san-pedro-de-uraba-OO13486080,elcolombiano,elcolombiano.com,37,6
5939e15b3afe32079bc153abe2aa7493,"Emilio Lozoya, exdirector de Petróleos Mexicanos (Pemex) acusado de recibir sobornos de Odebrecht, denunció al expresidente Enrique Peña Nieto por pedir 6 millones de dólares para su campaña y otro tanto para opositores como Ricardo Anaya, excandidato presidencial. Este miércoles se filtró a los medios la denuncia que Lozoya presentó el 11 de agosto ante la Fiscalía General de la República (FGR) en la que delata nombres y montos de sobornos que ordenaron funcionarios del Gobierno de Peña Nieto (2012-2018)... ", Esto dice la denuncia contra Peña Nieto por presunta corrupción ,http://elcolombiano.com/internacional/america-latina/pena-nieto-fue-denunciado-por-el-expresidente-de-pemex-en-caso-odebrecht-OO13486392,elcolombiano,elcolombiano.com,44,6
4e5e516d97fd1f14eabb745a01e0e3bf,"Pasaron 24 semanas, 166 días y se aplicaron 2,3 millones de pruebas desde aquel 6 de marzo, cuando se detectó el virus en Colombia, para que ayer el Ministerio de Salud confirmara que el país llegó a 502.178 contagios, 158.893 siguen activos.Para dimensionar este número, que es otro “hito” en el avance de la pandemia, es como si todos los habitantes de Ibagué (Tolima) se contagiaran o, para verlo desde una perspectiva más cercana, como si la población de Sabaneta (Antioquia) hubiese tenido el virus... "," ¿Con 502.000 contagios, ahora cuál será la tarea? ",http://elcolombiano.com/colombia/con-502000-contagios-ahora-cual-sera-la-tarea-KO13486286,elcolombiano,elcolombiano.com,37,4
1c057be6e97c8ed071685b67b2ad8dd3," La senadora negra Kamala Harris aceptó el miércoles su candidatura en la fórmula del demócrata Joe Biden, que podría convertirla en la primera vicepresidenta de Estados Unidos, con una rotunda condena al “fracaso” del mandatario republicano Donald Trump para dirigir el país.Harris, una abogada nacida hace 55 años en California, hija de un jamaiquino y una india tamil, instó a votar el 3 de noviembre por Biden, capaz, dijo, de unir a “negros, blancos, latinos, asiáticos, indígenas” y no convertir... ", Kamala Harris acepta candidatura a Vicepresidencia de EE.UU. condenando el “fracaso” de Trump ,http://elcolombiano.com/internacional/kamala-harris-acepta-candidatura-a-vicepresidencia-de-ee-uu-HO13487088,elcolombiano,elcolombiano.com,46,8
2ea13f241d52ab66810140a659592fa7,"El Servicio Geológico Colombiano confirmó este miércoles la ocurrencia de un movimiento telúrico de magnitud 5,0, a las 8:16 de la noche.#SismosColombiaSGC Evento Sísmico - Boletín Actualizado 1, 2020-08-19, 20:16 hora local. Magnitud 5.0, Profundidad 32 km, Océano Pacífico #NoticiaEnDesarrollo #Temblor #Sismo ¿Sintió este sismo? repórtelo: https://t.co/h7QL9wBsrZ pic.twitter.com/5IqhUzcBJzDe acuerdo con esa dependencia, el epicentro tuvo lugar en el océano Pacífico, a 116 kilómetros lineales de la cabecera municipal de Bajo Baudó, en el Chocó. La profundidad fue de 32 kilómetros.De momento se descarta cualquier alerta de tsunami a raíz del temblor, que fue sentido en varias ciudades del país, e incluso en Panamá.Las autoridades realizan un barrido para determinar posibles personas lesionadas o afectaciones a la infraestructura en poblaciones del Pacífico colombiano."," Temblor de magnitud 5,0 se sintió en varias ciudades del país ",http://elcolombiano.com/colombia/temblor-en-el-pacifico-colombiano-de-magnitud-50-FO13486146,elcolombiano,elcolombiano.com,64,6
547a2e7e534a2992fe11b7f120c594d6,"La Federación Nacional de Comerciantes (Fenalco) anunció que, según una encuesta hecha a más de 700 de nuestros afiliados de múltiples sectores, solo 15% de los empresarios reportó un aumento en sus ventas con respecto a junio de 2019, mientras que 19 % mantuvo registros similares y el restante 66 % aseguró que las ventas cayeron.Puede leer: Bancóldex anunció nuevas líneas de crédito para mipymesFenalco calificó como “particularmente crítica la situación del cluster de moda, que incluye ropa formal,... ", Comerciantes reportaron menores ventas en julio ,http://elcolombiano.com/negocios/empresas/comerciantes-reportaron-menores-ventas-en-julio-FO13486102,elcolombiano,elcolombiano.com,41,5
